<?xml version="1.0" encoding="UTF-8"?>
<project basedir=".." name="Blu-ray Disc Java Project-IDE">
    <property file="build.properties"/>
    <!-- TODO: edit the following target according to your needs -->
    <!-- (more info: http://www.netbeans.org/kb/41/freeform-config.html#runsingle) -->
    <target name="debug-selected-file-in-src">
        <fail unless="debug.class">Must set property 'debug.class'</fail>
        <ant antfile="build.xml" inheritall="false" target="bundle"/>
        <path id="cp">
            <pathelement path="${bdj.classes}"/>
        </path>
        <nbjpdastart addressproperty="jpda.address" name="Blu-ray Disc Java Project" transport="dt_socket">
            <classpath refid="cp"/>
        </nbjpdastart>
        <java classname="${debug.class}" fork="true">
            <classpath refid="cp"/>
            <jvmarg value="-Xdebug"/>
            <jvmarg value="-Xrunjdwp:transport=dt_socket,address=${jpda.address}"/>
        </java>
    </target>
</project>
